{"cameraMode":{"drawMode":0,"name":"Shaded","section":"Shading Mode"},"sceneLighting":true,"audioPlay":false,"sceneViewState":{"showFog":true,"showMaterialUpdate":false,"showSkybox":true,"showFlares":true,"showImageEffects":true,"showParticleSystems":true,"showVisualEffectGraphs":true,"m_FxEnabled":true},"in2DMode":false,"pivot":{"x":407.44842529296877,"y":-13.171431541442871,"z":373.6294860839844},"rotation":{"x":0.057243529707193378,"y":-0.3750167489051819,"z":0.023207902908325197,"w":0.924955427646637},"size":430.2548522949219,"orthographic":false}