{"cameraMode":{"drawMode":0,"name":"Shaded","section":"Shading Mode"},"sceneLighting":true,"audioPlay":false,"sceneViewState":{"showFog":true,"showMaterialUpdate":false,"showSkybox":true,"showFlares":true,"showImageEffects":true,"showParticleSystems":true,"showVisualEffectGraphs":true,"m_FxEnabled":true},"in2DMode":false,"pivot":{"x":10.490158081054688,"y":-5.586681365966797,"z":12.200920104980469},"rotation":{"x":-0.17483864724636079,"y":-0.3025820255279541,"z":0.056563302874565127,"w":-0.9352474212646484},"size":17.549251556396486,"orthographic":false}