{"cameraMode":{"drawMode":0,"name":"Shaded","section":"Shading Mode"},"sceneLighting":true,"audioPlay":false,"sceneViewState":{"showFog":true,"showMaterialUpdate":false,"showSkybox":true,"showFlares":true,"showImageEffects":true,"showParticleSystems":true,"showVisualEffectGraphs":true,"m_FxEnabled":true},"in2DMode":false,"pivot":{"x":1004.3663330078125,"y":11.181529998779297,"z":3.6565005779266359},"rotation":{"x":-0.659860372543335,"y":0.0029231756925582887,"z":-0.002573578152805567,"w":-0.7514211535453796},"size":0.8660253882408142,"orthographic":false}