{"cameraMode":{"drawMode":0,"name":"Shaded","section":"Shading Mode"},"sceneLighting":true,"audioPlay":false,"sceneViewState":{"showFog":true,"showMaterialUpdate":false,"showSkybox":true,"showFlares":true,"showImageEffects":true,"showParticleSystems":true,"showVisualEffectGraphs":true,"m_FxEnabled":true},"in2DMode":false,"pivot":{"x":14.827857971191407,"y":-4.101541519165039,"z":9.211179733276368},"rotation":{"x":-0.14931708574295045,"y":-0.37738513946533205,"z":0.061794813722372058,"w":-0.9118531942367554},"size":17.549251556396486,"orthographic":false}