{"cameraMode":{"drawMode":0,"name":"Shaded","section":"Shading Mode"},"sceneLighting":true,"audioPlay":false,"sceneViewState":{"showFog":true,"showMaterialUpdate":false,"showSkybox":true,"showFlares":true,"showImageEffects":true,"showParticleSystems":true,"showVisualEffectGraphs":true,"m_FxEnabled":true},"in2DMode":false,"pivot":{"x":22.57156753540039,"y":23.665531158447267,"z":15.19775676727295},"rotation":{"x":-0.6544080376625061,"y":-0.020874816924333574,"z":0.018062714487314225,"w":-0.7556688189506531},"size":17.549251556396486,"orthographic":false}